bit_diff_pct_bin,count
0,74950
1,14
2,4
3,8
4,10
5,2
6,5
7,3
8,3
9,1
10,0
11,0
12,0
13,0
14,0
15,0
16,0
17,0
18,0
19,0
20,0
21,1
22,1
23,3
24,3
25,10
26,10
27,8
28,23
29,37
30,79
31,75
32,166
33,286
34,305
35,607
36,573
37,1173
38,965
39,1833
40,1424
41,2413
42,2689
43,1817
44,2542
45,1530
46,1993
47,1046
48,1248
49,661
50,655
51,400
52,183
53,148
54,50
55,29
56,5
57,5
58,3
59,0
60,0
61,1
62,0
63,0
64,0
65,0
66,0
67,0
68,0
69,0
70,0
71,0
72,0
73,0
74,0
75,0
76,0
77,0
78,0
79,0
80,0
81,0
82,0
83,0
84,0
85,0
86,0
87,0
88,0
89,0
90,0
91,0
92,0
93,0
94,0
95,0
96,0
97,0
98,0
99,0
100,0
